<?xml version="1.0" encoding="UTF-8"?>
<plan-library
	 xmlns:xsi="http://www.w3.org/2001/XMLSchema-instance"
	xsi:noNamespaceSchemaLocation="file:plan-library.xsd">

	<plan id="top-1">
		<plan-step type="decomposition" id="p1" label="p1">
			<dec ref="ps1.1"/>
			<dec ref="ps1.2"/>
		</plan-step>
		<plan-step type="action" id="ps1.1" label="ps1.1">
			<conditions>
				<condition name="f1" type="string" value="0"/>
			</conditions>
			<seq ref="ps1.1.1"/>
		</plan-step>
		<plan-step type="action" id="ps1.1.1" label="ps1.1.1">
			<conditions>
				<condition name="f6" type="string" value="1"/>
			</conditions>
		</plan-step>
		<plan-step type="action" id="ps1.2" label="ps1.2">
			<conditions>
				<condition name="f1" type="string" value="0"/>
			</conditions>
			<seq ref="ps1.2.1"/>
			<seq ref="ps1.2.2"/>
			<seq ref="ps1.2.3"/>
		</plan-step>
		<plan-step type="action" id="ps1.2.1" label="ps1.2.1">
			<conditions>
				<condition name="f9" type="string" value="0"/>
			</conditions>
		</plan-step>
		<plan-step type="action" id="ps1.2.2" label="ps1.2.2">
			<conditions>
				<condition name="f6" type="string" value="0"/>
			</conditions>
		</plan-step>
		<plan-step type="action" id="ps1.2.3" label="ps1.2.3">
			<conditions>
				<condition name="f5" type="string" value="0"/>
			</conditions>
		</plan-step>
	</plan>

	<plan id="top-2">
		<plan-step type="decomposition" id="p2" label="p2">
			<dec ref="ps2.1"/>
			<dec ref="ps2.2"/>
			<dec ref="ps2.3"/>
		</plan-step>
		<plan-step type="action" id="ps2.1" label="ps2.1">
			<conditions>
				<condition name="f8" type="string" value="1"/>
			</conditions>
			<seq ref="ps2.1.1"/>
			<seq ref="ps2.1.2"/>
		</plan-step>
		<plan-step type="action" id="ps2.1.1" label="ps2.1.1">
			<conditions>
				<condition name="f0" type="string" value="0"/>
			</conditions>
		</plan-step>
		<plan-step type="action" id="ps2.1.2" label="ps2.1.2">
			<conditions>
				<condition name="f5" type="string" value="1"/>
			</conditions>
		</plan-step>
		<plan-step type="action" id="ps2.2" label="ps2.2">
			<conditions>
				<condition name="f9" type="string" value="0"/>
			</conditions>
			<seq ref="ps2.2.1"/>
		</plan-step>
		<plan-step type="action" id="ps2.2.1" label="ps2.2.1">
			<conditions>
				<condition name="f1" type="string" value="1"/>
			</conditions>
		</plan-step>
		<plan-step type="action" id="ps2.3" label="ps2.3">
			<conditions>
				<condition name="f9" type="string" value="1"/>
			</conditions>
			<seq ref="ps2.3.1"/>
			<seq ref="ps2.3.2"/>
			<seq ref="ps2.3.3"/>
		</plan-step>
		<plan-step type="action" id="ps2.3.1" label="ps2.3.1">
			<conditions>
				<condition name="f3" type="string" value="0"/>
			</conditions>
		</plan-step>
		<plan-step type="action" id="ps2.3.2" label="ps2.3.2">
			<conditions>
				<condition name="f5" type="string" value="1"/>
			</conditions>
		</plan-step>
		<plan-step type="action" id="ps2.3.3" label="ps2.3.3">
			<conditions>
				<condition name="f2" type="string" value="0"/>
			</conditions>
		</plan-step>
	</plan>

	<plan id="top-3">
		<plan-step type="decomposition" id="p3" label="p3">
			<dec ref="ps3.1"/>
		</plan-step>
		<plan-step type="decomposition" id="ps3.1" label="ps3.1">
			<conditions>
				<condition name="f3" type="string" value="0"/>
			</conditions>
			<dec ref="ps3.1.3"/>
			<seq ref="ps3.1.1"/>
			<seq ref="ps3.1.2"/>
		</plan-step>
		<plan-step type="action" id="ps3.1.1" label="ps3.1.1">
			<conditions>
				<condition name="f3" type="string" value="0"/>
			</conditions>
		</plan-step>
		<plan-step type="action" id="ps3.1.2" label="ps3.1.2">
			<conditions>
				<condition name="f7" type="string" value="0"/>
			</conditions>
		</plan-step>
		<plan-step type="action" id="ps3.1.3" label="ps3.1.3">
			<conditions>
				<condition name="f3" type="string" value="0"/>
				<condition name="f5" type="string" value="0"/>
			</conditions>
		</plan-step>
	</plan>

	<plan id="top-4">
		<plan-step type="decomposition" id="p4" label="p4">
			<dec ref="ps4.1"/>
			<dec ref="ps4.2"/>
		</plan-step>
		<plan-step type="action" id="ps4.1" label="ps4.1">
			<conditions>
				<condition name="f4" type="string" value="1"/>
			</conditions>
			<seq ref="ps4.1.1"/>
			<seq ref="ps4.1.2"/>
		</plan-step>
		<plan-step type="action" id="ps4.1.1" label="ps4.1.1">
			<conditions>
				<condition name="f2" type="string" value="0"/>
			</conditions>
		</plan-step>
		<plan-step type="action" id="ps4.1.2" label="ps4.1.2">
			<conditions>
				<condition name="f0" type="string" value="0"/>
			</conditions>
		</plan-step>
		<plan-step type="action" id="ps4.2" label="ps4.2">
			<conditions>
				<condition name="f3" type="string" value="1"/>
			</conditions>
			<seq ref="ps4.2.1"/>
		</plan-step>
		<plan-step type="action" id="ps4.2.1" label="ps4.2.1">
			<conditions>
				<condition name="f9" type="string" value="0"/>
			</conditions>
		</plan-step>
	</plan>

	<plan id="top-5">
		<plan-step type="decomposition" id="p5" label="p5">
			<dec ref="ps5.1"/>
			<dec ref="ps5.2"/>
			<dec ref="ps5.3"/>
		</plan-step>
		<plan-step type="action" id="ps5.1" label="ps5.1">
			<conditions>
				<condition name="f9" type="string" value="1"/>
			</conditions>
			<seq ref="ps5.1.1"/>
		</plan-step>
		<plan-step type="action" id="ps5.1.1" label="ps5.1.1">
			<conditions>
				<condition name="f1" type="string" value="0"/>
			</conditions>
		</plan-step>
		<plan-step type="action" id="ps5.2" label="ps5.2">
			<conditions>
				<condition name="f5" type="string" value="0"/>
			</conditions>
			<seq ref="ps5.2.1"/>
			<seq ref="ps5.2.2"/>
		</plan-step>
		<plan-step type="action" id="ps5.2.1" label="ps5.2.1">
			<conditions>
				<condition name="f3" type="string" value="0"/>
			</conditions>
		</plan-step>
		<plan-step type="action" id="ps5.2.2" label="ps5.2.2">
			<conditions>
				<condition name="f2" type="string" value="1"/>
			</conditions>
		</plan-step>
		<plan-step type="action" id="ps5.3" label="ps5.3">
			<conditions>
				<condition name="f5" type="string" value="0"/>
			</conditions>
			<seq ref="ps5.3.1"/>
			<seq ref="ps5.3.2"/>
		</plan-step>
		<plan-step type="action" id="ps5.3.1" label="ps5.3.1">
			<conditions>
				<condition name="f2" type="string" value="1"/>
			</conditions>
		</plan-step>
		<plan-step type="action" id="ps5.3.2" label="ps5.3.2">
			<conditions>
				<condition name="f6" type="string" value="0"/>
			</conditions>
		</plan-step>
	</plan>

	<plan id="top-6">
		<plan-step type="decomposition" id="p6" label="p6">
			<dec ref="ps6.1"/>
			<dec ref="ps6.2"/>
		</plan-step>
		<plan-step type="action" id="ps6.1" label="ps6.1">
			<conditions>
				<condition name="f9" type="string" value="0"/>
			</conditions>
			<seq ref="ps6.1.1"/>
		</plan-step>
		<plan-step type="action" id="ps6.1.1" label="ps6.1.1">
			<conditions>
				<condition name="f8" type="string" value="1"/>
			</conditions>
		</plan-step>
		<plan-step type="action" id="ps6.2" label="ps6.2">
			<conditions>
				<condition name="f0" type="string" value="0"/>
			</conditions>
			<seq ref="ps6.2.1"/>
		</plan-step>
		<plan-step type="action" id="ps6.2.1" label="ps6.2.1">
			<conditions>
				<condition name="f1" type="string" value="0"/>
			</conditions>
		</plan-step>
	</plan>

	<plan id="top-7">
		<plan-step type="decomposition" id="p7" label="p7">
			<dec ref="ps7.1"/>
			<dec ref="ps7.2"/>
			<dec ref="ps7.3"/>
		</plan-step>
		<plan-step type="action" id="ps7.1" label="ps7.1">
			<conditions>
				<condition name="f3" type="string" value="0"/>
			</conditions>
			<seq ref="ps7.1.1"/>
		</plan-step>
		<plan-step type="action" id="ps7.1.1" label="ps7.1.1">
			<conditions>
				<condition name="f0" type="string" value="1"/>
			</conditions>
		</plan-step>
		<plan-step type="action" id="ps7.2" label="ps7.2">
			<conditions>
				<condition name="f5" type="string" value="1"/>
			</conditions>
			<seq ref="ps7.2.1"/>
			<seq ref="ps7.2.2"/>
			<seq ref="ps7.2.3"/>
		</plan-step>
		<plan-step type="action" id="ps7.2.1" label="ps7.2.1">
			<conditions>
				<condition name="f8" type="string" value="0"/>
			</conditions>
		</plan-step>
		<plan-step type="action" id="ps7.2.2" label="ps7.2.2">
			<conditions>
				<condition name="f2" type="string" value="1"/>
			</conditions>
		</plan-step>
		<plan-step type="action" id="ps7.2.3" label="ps7.2.3">
			<conditions>
				<condition name="f2" type="string" value="1"/>
			</conditions>
		</plan-step>
		<plan-step type="action" id="ps7.3" label="ps7.3">
			<conditions>
				<condition name="f8" type="string" value="1"/>
			</conditions>
			<seq ref="ps7.3.1"/>
			<seq ref="ps7.3.2"/>
			<seq ref="ps7.3.3"/>
		</plan-step>
		<plan-step type="action" id="ps7.3.1" label="ps7.3.1">
			<conditions>
				<condition name="f5" type="string" value="0"/>
			</conditions>
		</plan-step>
		<plan-step type="action" id="ps7.3.2" label="ps7.3.2">
			<conditions>
				<condition name="f4" type="string" value="1"/>
			</conditions>
		</plan-step>
		<plan-step type="action" id="ps7.3.3" label="ps7.3.3">
			<conditions>
				<condition name="f9" type="string" value="0"/>
			</conditions>
		</plan-step>
	</plan>

	<plan id="top-8">
		<plan-step type="decomposition" id="p8" label="p8">
			<dec ref="ps8.1"/>
			<dec ref="ps8.2"/>
		</plan-step>
		<plan-step type="action" id="ps8.1" label="ps8.1">
			<conditions>
				<condition name="f2" type="string" value="1"/>
			</conditions>
			<seq ref="ps8.1.1"/>
		</plan-step>
		<plan-step type="action" id="ps8.1.1" label="ps8.1.1">
			<conditions>
				<condition name="f0" type="string" value="1"/>
			</conditions>
		</plan-step>
		<plan-step type="action" id="ps8.2" label="ps8.2">
			<conditions>
				<condition name="f4" type="string" value="0"/>
			</conditions>
			<seq ref="ps8.2.1"/>
			<seq ref="ps8.2.2"/>
			<seq ref="ps8.2.3"/>
		</plan-step>
		<plan-step type="action" id="ps8.2.1" label="ps8.2.1">
			<conditions>
				<condition name="f6" type="string" value="1"/>
			</conditions>
		</plan-step>
		<plan-step type="action" id="ps8.2.2" label="ps8.2.2">
			<conditions>
				<condition name="f5" type="string" value="0"/>
			</conditions>
		</plan-step>
		<plan-step type="action" id="ps8.2.3" label="ps8.2.3">
			<conditions>
				<condition name="f7" type="string" value="0"/>
			</conditions>
		</plan-step>
	</plan>

	<plan id="top-9">
		<plan-step type="decomposition" id="p9" label="p9">
			<dec ref="ps9.1"/>
		</plan-step>
		<plan-step type="action" id="ps9.1" label="ps9.1">
			<conditions>
				<condition name="f2" type="string" value="0"/>
			</conditions>
			<seq ref="ps9.1.1"/>
			<seq ref="ps9.1.2"/>
		</plan-step>
		<plan-step type="action" id="ps9.1.1" label="ps9.1.1">
			<conditions>
				<condition name="f4" type="string" value="1"/>
			</conditions>
		</plan-step>
		<plan-step type="action" id="ps9.1.2" label="ps9.1.2">
			<conditions>
				<condition name="f6" type="string" value="1"/>
			</conditions>
		</plan-step>
	</plan>

	<plan id="top-10">
		<plan-step type="decomposition" id="p10" label="p10">
			<dec ref="ps10.1"/>
			<dec ref="ps10.2"/>
			<dec ref="ps10.3"/>
		</plan-step>
		<plan-step type="action" id="ps10.1" label="ps10.1">
			<conditions>
				<condition name="f3" type="string" value="1"/>
			</conditions>
			<seq ref="ps10.1.1"/>
			<seq ref="ps10.1.2"/>
		</plan-step>
		<plan-step type="action" id="ps10.1.1" label="ps10.1.1">
			<conditions>
				<condition name="f3" type="string" value="0"/>
			</conditions>
		</plan-step>
		<plan-step type="action" id="ps10.1.2" label="ps10.1.2">
			<conditions>
				<condition name="f9" type="string" value="0"/>
			</conditions>
		</plan-step>
		<plan-step type="action" id="ps10.2" label="ps10.2">
			<conditions>
				<condition name="f0" type="string" value="0"/>
			</conditions>
			<seq ref="ps10.2.1"/>
		</plan-step>
		<plan-step type="action" id="ps10.2.1" label="ps10.2.1">
			<conditions>
				<condition name="f0" type="string" value="0"/>
			</conditions>
		</plan-step>
		<plan-step type="decomposition" id="ps10.3" label="ps10.3">
			<conditions>
				<condition name="f3" type="string" value="0"/>
			</conditions>
			<dec ref="ps10.3.3"/>
			<seq ref="ps10.3.1"/>
			<seq ref="ps10.3.2"/>
		</plan-step>
		<plan-step type="action" id="ps10.3.1" label="ps10.3.1">
			<conditions>
				<condition name="f5" type="string" value="0"/>
			</conditions>
		</plan-step>
		<plan-step type="action" id="ps10.3.2" label="ps10.3.2">
			<conditions>
				<condition name="f6" type="string" value="1"/>
			</conditions>
		</plan-step>
		<plan-step type="action" id="ps10.3.3" label="ps10.3.3">
			<conditions>
				<condition name="f1" type="string" value="0"/>
				<condition name="f3" type="string" value="0"/>
			</conditions>
		</plan-step>
	</plan>

</plan-library>