<?xml version="1.0" encoding="UTF-8"?>
<plan-library
	 xmlns:xsi="http://www.w3.org/2001/XMLSchema-instance"
	xsi:noNamespaceSchemaLocation="file:plan-library.xsd">

	<plan id="top-1">
		<plan-step type="decomposition" id="p1" label="p1">
			<dec ref="ps1.1"/>
		</plan-step>
		<plan-step type="action" id="ps1.1" label="ps1.1">
			<conditions>
				<condition name="f41" type="string" value="1"/>
			</conditions>
			<seq ref="ps1.1.1"/>
		</plan-step>
		<plan-step type="decomposition" id="ps1.1.1" label="ps1.1.1">
			<conditions>
				<condition name="f45" type="string" value="1"/>
			</conditions>
			<dec ref="ps1.1.1.1"/>
		</plan-step>
		<plan-step type="action" id="ps1.1.1.1" label="ps1.1.1.1">
			<conditions>
				<condition name="f45" type="string" value="1"/>
				<condition name="f22" type="string" value="1"/>
			</conditions>
			<seq ref="ps1.1.1.1.1"/>
		</plan-step>
		<plan-step type="action" id="ps1.1.1.1.1" label="ps1.1.1.1.1">
			<conditions>
				<condition name="f8" type="string" value="1"/>
			</conditions>
		</plan-step>
	</plan>

	<plan id="top-2">
		<plan-step type="decomposition" id="p2" label="p2">
			<dec ref="ps2.1"/>
		</plan-step>
		<plan-step type="action" id="ps2.1" label="ps2.1">
			<conditions>
				<condition name="f2" type="string" value="0"/>
			</conditions>
			<seq ref="ps2.1.1"/>
		</plan-step>
		<plan-step type="decomposition" id="ps2.1.1" label="ps2.1.1">
			<conditions>
				<condition name="f25" type="string" value="1"/>
			</conditions>
			<dec ref="ps2.1.1.1"/>
		</plan-step>
		<plan-step type="action" id="ps2.1.1.1" label="ps2.1.1.1">
			<conditions>
				<condition name="f25" type="string" value="1"/>
				<condition name="f24" type="string" value="0"/>
			</conditions>
			<seq ref="ps2.1.1.1.1"/>
		</plan-step>
		<plan-step type="action" id="ps2.1.1.1.1" label="ps2.1.1.1.1">
			<conditions>
				<condition name="f29" type="string" value="1"/>
			</conditions>
		</plan-step>
	</plan>

	<plan id="top-3">
		<plan-step type="decomposition" id="p3" label="p3">
			<dec ref="ps3.1"/>
		</plan-step>
		<plan-step type="action" id="ps3.1" label="ps3.1">
			<conditions>
				<condition name="f13" type="string" value="0"/>
			</conditions>
			<seq ref="ps3.1.1"/>
		</plan-step>
		<plan-step type="action" id="ps3.1.1" label="ps3.1.1">
			<conditions>
				<condition name="f12" type="string" value="1"/>
			</conditions>
			<seq ref="ps3.1.1.1"/>
		</plan-step>
		<plan-step type="decomposition" id="ps3.1.1.1" label="ps3.1.1.1">
			<conditions>
				<condition name="f24" type="string" value="1"/>
			</conditions>
			<dec ref="ps3.1.1.1.1"/>
		</plan-step>
		<plan-step type="action" id="ps3.1.1.1.1" label="ps3.1.1.1.1">
			<conditions>
				<condition name="f42" type="string" value="0"/>
				<condition name="f24" type="string" value="1"/>
			</conditions>
		</plan-step>
	</plan>

	<plan id="top-4">
		<plan-step type="decomposition" id="p4" label="p4">
			<dec ref="ps4.1"/>
		</plan-step>
		<plan-step type="decomposition" id="ps4.1" label="ps4.1">
			<conditions>
				<condition name="f33" type="string" value="1"/>
			</conditions>
			<dec ref="ps4.1.1"/>
		</plan-step>
		<plan-step type="action" id="ps4.1.1" label="ps4.1.1">
			<conditions>
				<condition name="f33" type="string" value="1"/>
				<condition name="f29" type="string" value="1"/>
			</conditions>
			<seq ref="ps4.1.1.1"/>
		</plan-step>
		<plan-step type="decomposition" id="ps4.1.1.1" label="ps4.1.1.1">
			<conditions>
				<condition name="f1" type="string" value="0"/>
			</conditions>
			<dec ref="ps4.1.1.1.1"/>
		</plan-step>
		<plan-step type="action" id="ps4.1.1.1.1" label="ps4.1.1.1.1">
			<conditions>
				<condition name="f7" type="string" value="1"/>
				<condition name="f1" type="string" value="0"/>
			</conditions>
		</plan-step>
	</plan>

	<plan id="top-5">
		<plan-step type="decomposition" id="p5" label="p5">
			<dec ref="ps5.1"/>
		</plan-step>
		<plan-step type="action" id="ps5.1" label="ps5.1">
			<conditions>
				<condition name="f26" type="string" value="0"/>
			</conditions>
			<seq ref="ps5.1.1"/>
		</plan-step>
		<plan-step type="action" id="ps5.1.1" label="ps5.1.1">
			<conditions>
				<condition name="f38" type="string" value="1"/>
			</conditions>
			<seq ref="ps5.1.1.1"/>
		</plan-step>
		<plan-step type="decomposition" id="ps5.1.1.1" label="ps5.1.1.1">
			<conditions>
				<condition name="f12" type="string" value="0"/>
			</conditions>
			<dec ref="ps5.1.1.1.1"/>
		</plan-step>
		<plan-step type="action" id="ps5.1.1.1.1" label="ps5.1.1.1.1">
			<conditions>
				<condition name="f9" type="string" value="0"/>
				<condition name="f12" type="string" value="0"/>
			</conditions>
		</plan-step>
	</plan>

	<plan id="top-6">
		<plan-step type="decomposition" id="p6" label="p6">
			<dec ref="ps6.1"/>
		</plan-step>
		<plan-step type="action" id="ps6.1" label="ps6.1">
			<conditions>
				<condition name="f33" type="string" value="1"/>
			</conditions>
			<seq ref="ps6.1.1"/>
		</plan-step>
		<plan-step type="decomposition" id="ps6.1.1" label="ps6.1.1">
			<conditions>
				<condition name="f37" type="string" value="0"/>
			</conditions>
			<dec ref="ps6.1.1.1"/>
		</plan-step>
		<plan-step type="decomposition" id="ps6.1.1.1" label="ps6.1.1.1">
			<conditions>
				<condition name="f33" type="string" value="0"/>
				<condition name="f37" type="string" value="0"/>
			</conditions>
			<dec ref="ps6.1.1.1.1"/>
		</plan-step>
		<plan-step type="action" id="ps6.1.1.1.1" label="ps6.1.1.1.1">
			<conditions>
				<condition name="f33" type="string" value="0"/>
				<condition name="f32" type="string" value="1"/>
				<condition name="f37" type="string" value="0"/>
			</conditions>
		</plan-step>
	</plan>

	<plan id="top-7">
		<plan-step type="decomposition" id="p7" label="p7">
			<dec ref="ps7.1"/>
		</plan-step>
		<plan-step type="action" id="ps7.1" label="ps7.1">
			<conditions>
				<condition name="f21" type="string" value="1"/>
			</conditions>
			<seq ref="ps7.1.1"/>
		</plan-step>
		<plan-step type="decomposition" id="ps7.1.1" label="ps7.1.1">
			<conditions>
				<condition name="f23" type="string" value="1"/>
			</conditions>
			<dec ref="ps7.1.1.1"/>
		</plan-step>
		<plan-step type="decomposition" id="ps7.1.1.1" label="ps7.1.1.1">
			<conditions>
				<condition name="f30" type="string" value="0"/>
				<condition name="f23" type="string" value="1"/>
			</conditions>
			<dec ref="ps7.1.1.1.1"/>
		</plan-step>
		<plan-step type="action" id="ps7.1.1.1.1" label="ps7.1.1.1.1">
			<conditions>
				<condition name="f30" type="string" value="0"/>
				<condition name="f23" type="string" value="1"/>
				<condition name="f40" type="string" value="0"/>
			</conditions>
		</plan-step>
	</plan>

	<plan id="top-8">
		<plan-step type="decomposition" id="p8" label="p8">
			<dec ref="ps8.1"/>
		</plan-step>
		<plan-step type="decomposition" id="ps8.1" label="ps8.1">
			<conditions>
				<condition name="f10" type="string" value="0"/>
			</conditions>
			<dec ref="ps8.1.1"/>
		</plan-step>
		<plan-step type="action" id="ps8.1.1" label="ps8.1.1">
			<conditions>
				<condition name="f10" type="string" value="0"/>
				<condition name="f49" type="string" value="1"/>
			</conditions>
			<seq ref="ps8.1.1.1"/>
		</plan-step>
		<plan-step type="action" id="ps8.1.1.1" label="ps8.1.1.1">
			<conditions>
				<condition name="f8" type="string" value="1"/>
			</conditions>
			<seq ref="ps8.1.1.1.1"/>
		</plan-step>
		<plan-step type="action" id="ps8.1.1.1.1" label="ps8.1.1.1.1">
			<conditions>
				<condition name="f14" type="string" value="0"/>
			</conditions>
		</plan-step>
	</plan>

	<plan id="top-9">
		<plan-step type="decomposition" id="p9" label="p9">
			<dec ref="ps9.1"/>
		</plan-step>
		<plan-step type="action" id="ps9.1" label="ps9.1">
			<conditions>
				<condition name="f41" type="string" value="1"/>
			</conditions>
			<seq ref="ps9.1.1"/>
		</plan-step>
		<plan-step type="decomposition" id="ps9.1.1" label="ps9.1.1">
			<conditions>
				<condition name="f45" type="string" value="1"/>
			</conditions>
			<dec ref="ps9.1.1.1"/>
		</plan-step>
		<plan-step type="action" id="ps9.1.1.1" label="ps9.1.1.1">
			<conditions>
				<condition name="f45" type="string" value="1"/>
				<condition name="f22" type="string" value="1"/>
			</conditions>
			<seq ref="ps9.1.1.1.1"/>
		</plan-step>
		<plan-step type="action" id="ps9.1.1.1.1" label="ps9.1.1.1.1">
			<conditions>
				<condition name="f1" type="string" value="0"/>
			</conditions>
		</plan-step>
	</plan>

	<plan id="top-10">
		<plan-step type="decomposition" id="p10" label="p10">
			<dec ref="ps10.1"/>
		</plan-step>
		<plan-step type="action" id="ps10.1" label="ps10.1">
			<conditions>
				<condition name="f2" type="string" value="0"/>
			</conditions>
			<seq ref="ps10.1.1"/>
		</plan-step>
		<plan-step type="decomposition" id="ps10.1.1" label="ps10.1.1">
			<conditions>
				<condition name="f25" type="string" value="1"/>
			</conditions>
			<dec ref="ps10.1.1.1"/>
		</plan-step>
		<plan-step type="action" id="ps10.1.1.1" label="ps10.1.1.1">
			<conditions>
				<condition name="f25" type="string" value="1"/>
				<condition name="f24" type="string" value="0"/>
			</conditions>
			<seq ref="ps10.1.1.1.1"/>
		</plan-step>
		<plan-step type="action" id="ps10.1.1.1.1" label="ps10.1.1.1.1">
			<conditions>
				<condition name="f22" type="string" value="1"/>
			</conditions>
		</plan-step>
	</plan>

</plan-library>